EmployeeID,current_skill
1,Excel
1,Problem Solving
1,Forecasting
1,Budgeting
1,Microsoft Word
1,PowerPoint
1,Teamwork
1,Financial Analysis
1,Microsoft Excel
2,Problem Solving
2,Lead Generation
2,Microsoft Word
2,Negotiation
2,Communication
2,Salesforce
2,PowerPoint
2,CRM
2,Pipeline Management
3,Problem Solving
3,Microsoft Word
3,Communication
3,Customer Service
3,Teamwork
3,Microsoft Excel
3,Ticketing Systems
3,Zendesk
4,Onboarding
4,BambooHR
4,Workday
4,Excel
4,Microsoft Word
4,Communication
4,Teamwork
4,Compliance
5,Excel
5,Problem Solving
5,Lead Generation
5,Negotiation
5,Communication
5,Teamwork
6,Excel
6,Problem Solving
6,Microsoft Word
6,Communication
6,Customer Service
6,Teamwork
6,Microsoft Excel
6,Ticketing Systems
6,Zendesk
7,Problem Solving
7,Python
7,Communication
7,Linux
7,Teamwork
7,Microsoft Excel
7,Kubernetes
7,AWS
8,Onboarding
8,BambooHR
8,Workday
8,Excel
8,Teamwork
8,Microsoft Excel
9,Onboarding
9,BambooHR
9,Excel
9,Microsoft Word
9,Communication
9,Compliance
9,Recruitment
10,Problem Solving
10,Budgeting
10,Microsoft Word
10,PowerPoint
10,Teamwork
10,Financial Analysis
10,Microsoft Excel
11,Onboarding
11,BambooHR
11,Problem Solving
11,Microsoft Word
11,Communication
11,Compliance
11,Recruitment
12,Excel
12,Problem Solving
12,Microsoft Word
12,Communication
12,Customer Service
12,Teamwork
12,Ticketing Systems
13,QuickBooks
13,Problem Solving
13,Budgeting
13,Microsoft Word
13,Forecasting
13,PowerPoint
13,Teamwork
13,Microsoft Excel
14,BambooHR
14,Excel
14,Problem Solving
14,Microsoft Word
14,Communication
14,Teamwork
14,Compliance
15,Git
15,REST APIs
15,Docker
15,Problem Solving
15,Microsoft Word
15,Python
15,SQL
15,Teamwork
15,Microsoft Excel
15,AWS
16,Excel
16,Problem Solving
16,Microsoft Word
16,HubSpot
16,PowerPoint
16,Microsoft Excel
16,Content Creation
17,Excel
17,Problem Solving
17,Microsoft Word
17,Communication
17,Customer Service
17,Ticketing Systems
17,Zendesk
18,Docker
18,Problem Solving
18,Microsoft Word
18,Linux
18,SQL
18,CI/CD
18,Azure
18,Teamwork
18,Microsoft Excel
19,Problem Solving
19,Microsoft Word
19,Communication
19,Teamwork
19,Zendesk
20,Excel
20,Problem Solving
20,Microsoft Word
20,Communication
20,Customer Service
20,Microsoft Excel
20,Ticketing Systems
20,Zendesk
21,Problem Solving
21,Microsoft Word
21,Communication
21,Customer Service
21,Microsoft Excel
21,Ticketing Systems
21,Zendesk
22,Excel
22,Microsoft Word
22,Negotiation
22,HubSpot
22,Salesforce
22,PowerPoint
22,Teamwork
22,Microsoft Excel
23,Java
23,Problem Solving
23,Microsoft Word
23,Python
23,Linux
23,SQL
23,CI/CD
23,Teamwork
23,Microsoft Excel
23,Kubernetes
24,Git
24,Problem Solving
24,Communication
24,Linux
24,Teamwork
24,Microsoft Excel
24,Kubernetes
25,Google Analytics
25,Excel
25,Microsoft Word
25,Communication
25,HubSpot
25,PowerPoint
25,Content Creation
25,Social Media
26,SEO
26,Excel
26,Problem Solving
26,Microsoft Word
26,Communication
26,PowerPoint
26,Microsoft Excel
26,Content Creation
26,Social Media
27,Problem Solving
27,Lead Generation
27,Microsoft Word
27,Negotiation
27,Salesforce
27,Microsoft Excel
28,SEO
28,Excel
28,Problem Solving
28,Microsoft Word
28,HubSpot
28,PowerPoint
28,Microsoft Excel
28,Content Creation
29,Problem Solving
29,Budgeting
29,Forecasting
29,Microsoft Word
29,SAP
29,SQL
29,PowerPoint
29,Financial Analysis
30,Problem Solving
30,Microsoft Word
30,Communication
30,Customer Service
30,Teamwork
30,Microsoft Excel
30,Ticketing Systems
30,Zendesk
31,Java
31,Communication
31,SQL
31,Teamwork
31,Microsoft Excel
31,Kubernetes
32,Excel
32,Problem Solving
32,Microsoft Word
32,Communication
32,PowerPoint
32,Microsoft Excel
32,Content Creation
33,Git
33,Docker
33,Problem Solving
33,Communication
33,Linux
33,Teamwork
33,Microsoft Excel
34,Git
34,REST APIs
34,Docker
34,Microsoft Word
34,Communication
34,Linux
34,Teamwork
34,Microsoft Excel
34,AWS
35,Excel
35,Microsoft Word
35,Communication
35,HubSpot
35,PowerPoint
35,Content Creation
35,Social Media
36,Excel
36,QuickBooks
36,Problem Solving
36,Budgeting
36,Communication
36,SAP
36,SQL
36,Financial Analysis
36,Microsoft Excel
37,Communication
37,HubSpot
37,PowerPoint
37,Teamwork
37,Microsoft Excel
37,Content Creation
37,Social Media
38,Excel
38,QuickBooks
38,Forecasting
38,Budgeting
38,Microsoft Word
38,Communication
38,SAP
38,SQL
39,Excel
39,QuickBooks
39,Problem Solving
39,Forecasting
39,Budgeting
39,Microsoft Word
39,SAP
39,Teamwork
39,Financial Analysis
40,QuickBooks
40,Excel
40,Problem Solving
40,Forecasting
40,Microsoft Word
40,Communication
40,SAP
40,SQL
40,PowerPoint
40,Teamwork
41,Excel
41,Lead Generation
41,Microsoft Word
41,Negotiation
41,PowerPoint
41,Microsoft Excel
42,Google Analytics
42,SEO
42,Microsoft Word
42,Communication
42,HubSpot
42,Teamwork
42,Content Creation
43,SEO
43,Excel
43,Problem Solving
43,Communication
43,Social Media
44,REST APIs
44,Problem Solving
44,Python
44,Communication
44,CI/CD
44,Teamwork
44,Microsoft Excel
45,Problem Solving
45,Forecasting
45,Microsoft Word
45,SAP
45,PowerPoint
45,Microsoft Excel
46,Git
46,Java
46,Problem Solving
46,Communication
46,Teamwork
46,Microsoft Excel
46,Kubernetes
47,Excel
47,Problem Solving
47,Lead Generation
47,Negotiation
47,HubSpot
47,PowerPoint
47,Teamwork
47,Microsoft Excel
48,Excel
48,Lead Generation
48,Microsoft Word
48,Communication
48,HubSpot
48,PowerPoint
48,CRM
48,Pipeline Management
49,Excel
49,Problem Solving
49,Microsoft Word
49,Communication
49,Microsoft Excel
49,Ticketing Systems
49,Zendesk
50,Git
50,Communication
50,SQL
50,CI/CD
50,Azure
50,Teamwork
50,Kubernetes
50,AWS
51,Problem Solving
51,Lead Generation
51,Microsoft Word
51,Communication
51,Salesforce
51,Microsoft Excel
51,Pipeline Management
52,Excel
52,Problem Solving
52,Microsoft Word
52,Customer Service
52,Teamwork
52,Ticketing Systems
53,Google Analytics
53,SEO
53,Excel
53,Communication
53,HubSpot
53,Microsoft Excel
53,Content Creation
54,QuickBooks
54,Excel
54,Problem Solving
54,Forecasting
54,Communication
54,PowerPoint
54,Teamwork
54,Microsoft Excel
55,Problem Solving
55,Budgeting
55,Forecasting
55,SAP
55,Teamwork
55,Financial Analysis
55,Microsoft Excel
56,Java
56,Communication
56,SQL
56,CI/CD
56,Microsoft Excel
57,REST APIs
57,Docker
57,Python
57,Communication
57,Linux
57,Microsoft Excel
57,Kubernetes
58,Excel
58,Problem Solving
58,Communication
58,Customer Service
58,Teamwork
58,Ticketing Systems
58,Zendesk
59,SEO
59,Excel
59,Problem Solving
59,Communication
59,HubSpot
59,Content Creation
59,Social Media
60,Workday
60,Excel
60,Problem Solving
60,Microsoft Word
60,Teamwork
60,Microsoft Excel
60,Recruitment
61,Onboarding
61,BambooHR
61,Workday
61,Problem Solving
61,Microsoft Word
61,Communication
61,Teamwork
61,Compliance
61,Recruitment
62,Java
62,Problem Solving
62,Python
62,Communication
62,SQL
62,CI/CD
62,Microsoft Excel
62,Kubernetes
62,AWS
63,Onboarding
63,Excel
63,Workday
63,Microsoft Word
63,Communication
63,Compliance
63,Recruitment
64,Excel
64,Problem Solving
64,Communication
64,Customer Service
64,Ticketing Systems
65,Microsoft Excel
65,Problem Solving
65,HubSpot
65,PowerPoint
65,CRM
65,Pipeline Management
66,Google Analytics
66,Excel
66,Communication
66,HubSpot
66,PowerPoint
66,Teamwork
66,Content Creation
67,Excel
67,Lead Generation
67,Microsoft Word
67,HubSpot
67,Salesforce
67,PowerPoint
67,Teamwork
68,Lead Generation
68,Microsoft Word
68,HubSpot
68,PowerPoint
68,Teamwork
69,Excel
69,Problem Solving
69,Negotiation
69,Communication
69,HubSpot
69,Salesforce
69,PowerPoint
69,Teamwork
69,Microsoft Excel
69,Pipeline Management
70,Excel
70,Problem Solving
70,Budgeting
70,Microsoft Word
70,SQL
70,PowerPoint
71,BambooHR
71,Workday
71,Excel
71,Problem Solving
71,Microsoft Word
71,Communication
71,Compliance
71,Microsoft Excel
71,Recruitment
72,Google Analytics
72,Problem Solving
72,Microsoft Word
72,HubSpot
72,PowerPoint
72,Social Media
73,Git
73,REST APIs
73,Microsoft Word
73,Communication
73,SQL
73,CI/CD
74,Problem Solving
74,Lead Generation
74,Microsoft Word
74,Communication
74,PowerPoint
74,Teamwork
74,CRM
74,Pipeline Management
75,Java
75,Communication
75,Linux
75,SQL
75,Teamwork
75,Kubernetes
75,AWS
76,BambooHR
76,Workday
76,Excel
76,Communication
76,Teamwork
76,Compliance
76,Microsoft Excel
76,Recruitment
77,Excel
77,Problem Solving
77,Negotiation
77,HubSpot
77,Teamwork
78,Excel
78,Problem Solving
78,Microsoft Word
78,Negotiation
78,Communication
78,HubSpot
78,Salesforce
78,PowerPoint
79,Google Analytics
79,Excel
79,Communication
79,Teamwork
79,Microsoft Excel
79,Social Media
80,Onboarding
80,Workday
80,Excel
80,Microsoft Word
80,Communication
80,Teamwork
80,Compliance
80,Microsoft Excel
80,Recruitment
81,Excel
81,Communication
81,Customer Service
81,Teamwork
81,Zendesk
82,Git
82,Java
82,Problem Solving
82,Communication
82,Teamwork
82,Microsoft Excel
82,Kubernetes
83,REST APIs
83,Java
83,Microsoft Word
83,Python
83,Communication
83,Azure
83,Teamwork
83,AWS
84,Excel
84,Problem Solving
84,Forecasting
84,Microsoft Word
84,SAP
84,Teamwork
84,Financial Analysis
85,Excel
85,Problem Solving
85,Lead Generation
85,Microsoft Word
85,Communication
85,Salesforce
85,Teamwork
85,CRM
85,Pipeline Management
86,Lead Generation
86,Negotiation
86,HubSpot
86,PowerPoint
86,Teamwork
86,Microsoft Excel
87,Problem Solving
87,Communication
87,Teamwork
87,Microsoft Excel
87,Ticketing Systems
87,Zendesk
88,Google Analytics
88,SEO
88,Excel
88,Microsoft Word
88,HubSpot
88,PowerPoint
88,Teamwork
88,Microsoft Excel
88,Content Creation
89,Google Analytics
89,Excel
89,Microsoft Word
89,HubSpot
89,Teamwork
89,Content Creation
90,QuickBooks
90,Excel
90,Forecasting
90,Microsoft Word
90,Communication
90,SAP
90,SQL
90,Financial Analysis
90,Microsoft Excel
91,Java
91,Problem Solving
91,SQL
91,CI/CD
91,Microsoft Excel
91,Kubernetes
92,QuickBooks
92,Excel
92,Problem Solving
92,Communication
92,PowerPoint
92,Teamwork
93,Lead Generation
93,Microsoft Word
93,Communication
93,Salesforce
93,PowerPoint
93,Pipeline Management
94,Excel
94,Problem Solving
94,Microsoft Word
94,Communication
94,Customer Service
94,Teamwork
94,Microsoft Excel
94,Zendesk
95,Excel
95,Problem Solving
95,Microsoft Word
95,Communication
95,Customer Service
95,Microsoft Excel
95,Ticketing Systems
95,Zendesk
96,Google Analytics
96,SEO
96,Communication
96,PowerPoint
96,Teamwork
96,Microsoft Excel
97,BambooHR
97,Workday
97,Microsoft Word
97,Communication
97,Microsoft Excel
97,Recruitment
98,Google Analytics
98,SEO
98,Excel
98,Problem Solving
98,Microsoft Word
98,HubSpot
98,PowerPoint
98,Teamwork
98,Microsoft Excel
98,Content Creation
99,BambooHR
99,Workday
99,Excel
99,Communication
99,Teamwork
99,Compliance
99,Microsoft Excel
100,Excel
100,Problem Solving
100,Microsoft Word
100,Communication
100,HubSpot
100,PowerPoint
100,Microsoft Excel
100,Pipeline Management
101,Onboarding
101,BambooHR
101,Problem Solving
101,Teamwork
101,Compliance
102,Onboarding
102,Problem Solving
102,Communication
102,Microsoft Excel
102,Recruitment
103,Problem Solving
103,Communication
103,Salesforce
103,PowerPoint
103,CRM
104,Excel
104,Problem Solving
104,Communication
104,Teamwork
104,Microsoft Excel
104,Ticketing Systems
105,SEO
105,Problem Solving
105,Microsoft Word
105,PowerPoint
105,Teamwork
105,Content Creation
105,Social Media
106,QuickBooks
106,Budgeting
106,Microsoft Word
106,Communication
106,SAP
106,SQL
106,PowerPoint
106,Teamwork
106,Financial Analysis
107,Java
107,Linux
107,SQL
107,Azure
107,Teamwork
107,Microsoft Excel
107,Kubernetes
107,AWS
108,Onboarding
108,Excel
108,Workday
108,Problem Solving
108,Communication
108,Teamwork
108,Microsoft Excel
108,Recruitment
109,Excel
109,Problem Solving
109,Microsoft Word
109,Communication
109,Customer Service
109,Teamwork
109,Microsoft Excel
109,Zendesk
110,Docker
110,Python
110,Communication
110,Linux
110,Microsoft Excel
111,Problem Solving
111,Microsoft Word
111,Communication
111,Teamwork
111,Microsoft Excel
111,Ticketing Systems
112,Git
112,REST APIs
112,Java
112,Problem Solving
112,Microsoft Word
112,Microsoft Excel
112,Kubernetes
113,Git
113,REST APIs
113,Docker
113,Communication
113,Microsoft Excel
114,Excel
114,Microsoft Word
114,Communication
114,Customer Service
114,Teamwork
114,Microsoft Excel
114,Ticketing Systems
114,Zendesk
115,Microsoft Excel
115,Excel
115,Problem Solving
115,Lead Generation
115,Microsoft Word
115,Communication
115,Salesforce
115,PowerPoint
115,CRM
115,Pipeline Management
116,Excel
116,Problem Solving
116,Microsoft Word
116,Communication
116,Customer Service
116,Teamwork
116,Ticketing Systems
116,Zendesk
117,Excel
117,Problem Solving
117,HubSpot
117,PowerPoint
117,Teamwork
117,Microsoft Excel
117,Content Creation
118,Excel
118,Problem Solving
118,Communication
118,Compliance
118,Recruitment
119,QuickBooks
119,Budgeting
119,Microsoft Word
119,SAP
119,PowerPoint
119,Teamwork
119,Microsoft Excel
120,Lead Generation
120,Microsoft Word
120,Communication
120,HubSpot
120,Teamwork
120,CRM
120,Pipeline Management
121,REST APIs
121,Java
121,Docker
121,Microsoft Word
121,Linux
121,CI/CD
121,Azure
121,Microsoft Excel
122,Excel
122,Problem Solving
122,Microsoft Word
122,Communication
122,Customer Service
122,Microsoft Excel
122,Ticketing Systems
122,Zendesk
123,Excel
123,Problem Solving
123,Forecasting
123,Microsoft Word
123,SAP
123,SQL
123,PowerPoint
123,Teamwork
123,Financial Analysis
124,Docker
124,Problem Solving
124,Microsoft Word
124,Azure
124,Teamwork
124,AWS
125,Excel
125,Forecasting
125,Microsoft Word
125,Communication
125,PowerPoint
125,Teamwork
125,Financial Analysis
125,Microsoft Excel
126,REST APIs
126,Communication
126,Linux
126,SQL
126,Microsoft Excel
127,Problem Solving
127,Lead Generation
127,Negotiation
127,Communication
127,Microsoft Excel
127,Pipeline Management
128,BambooHR
128,Excel
128,Problem Solving
128,Communication
128,Teamwork
128,Compliance
128,Recruitment
129,Excel
129,Problem Solving
129,Microsoft Word
129,Communication
129,Customer Service
129,Teamwork
129,Microsoft Excel
129,Ticketing Systems
129,Zendesk
130,Git
130,Java
130,Problem Solving
130,Microsoft Word
130,SQL
130,CI/CD
130,Azure
130,Microsoft Excel
131,Excel
131,Problem Solving
131,Microsoft Word
131,Communication
131,Customer Service
131,Zendesk
132,Onboarding
132,BambooHR
132,Excel
132,Workday
132,Microsoft Word
132,Communication
132,Teamwork
132,Microsoft Excel
132,Recruitment
133,Excel
133,QuickBooks
133,Budgeting
133,Microsoft Word
133,Communication
133,SQL
133,PowerPoint
133,Financial Analysis
134,Onboarding
134,BambooHR
134,Workday
134,Excel
134,Problem Solving
134,Microsoft Word
134,Communication
134,Compliance
134,Microsoft Excel
135,Google Analytics
135,Microsoft Word
135,Communication
135,HubSpot
135,Content Creation
136,SEO
136,Excel
136,Microsoft Word
136,PowerPoint
136,Teamwork
136,Social Media
137,QuickBooks
137,Excel
137,Microsoft Word
137,SQL
137,Financial Analysis
137,Microsoft Excel
138,REST APIs
138,Java
138,Docker
138,Problem Solving
138,Python
138,SQL
138,CI/CD
138,Teamwork
139,Docker
139,SQL
139,Teamwork
139,Microsoft Excel
139,Kubernetes
139,AWS
140,Negotiation
140,Communication
140,Salesforce
140,PowerPoint
140,Teamwork
140,Pipeline Management
141,Git
141,Java
141,Problem Solving
141,Python
141,Communication
141,SQL
141,Microsoft Excel
142,Excel
142,Lead Generation
142,Microsoft Word
142,Communication
142,HubSpot
142,Salesforce
142,PowerPoint
142,Teamwork
142,Microsoft Excel
142,Pipeline Management
143,Excel
143,Communication
143,Customer Service
143,Teamwork
143,Ticketing Systems
143,Zendesk
144,Problem Solving
144,Microsoft Word
144,PowerPoint
144,Teamwork
144,CRM
144,Pipeline Management
145,Excel
145,Problem Solving
145,Microsoft Word
145,Customer Service
145,Teamwork
145,Ticketing Systems
146,Onboarding
146,Excel
146,Microsoft Word
146,Communication
146,Teamwork
146,Compliance
146,Microsoft Excel
147,Microsoft Excel
147,Excel
147,Problem Solving
147,Lead Generation
147,Negotiation
147,Communication
147,PowerPoint
147,Teamwork
147,CRM
148,Excel
148,Problem Solving
148,Microsoft Word
148,CRM
148,Pipeline Management
149,Excel
149,Problem Solving
149,Communication
149,Customer Service
149,Teamwork
149,Ticketing Systems
149,Zendesk
150,Google Analytics
150,SEO
150,Excel
150,Problem Solving
150,Microsoft Word
150,HubSpot
150,Microsoft Excel
150,Content Creation
150,Social Media
151,Onboarding
151,BambooHR
151,Problem Solving
151,Communication
151,Teamwork
151,Compliance
151,Microsoft Excel
151,Recruitment
152,Microsoft Excel
152,Excel
152,Lead Generation
152,Microsoft Word
152,Communication
152,HubSpot
152,Salesforce
152,Teamwork
152,CRM
153,Docker
153,Problem Solving
153,Microsoft Word
153,Python
153,Linux
153,CI/CD
153,Azure
154,Google Analytics
154,SEO
154,Problem Solving
154,Communication
154,Microsoft Excel
154,Content Creation
155,Onboarding
155,BambooHR
155,Workday
155,Microsoft Word
155,Communication
155,Teamwork
155,Microsoft Excel
155,Recruitment
156,Java
156,Problem Solving
156,Communication
156,Azure
156,Kubernetes
157,Onboarding
157,Excel
157,Workday
157,Problem Solving
157,Microsoft Word
157,Communication
157,Teamwork
157,Compliance
157,Microsoft Excel
157,Recruitment
158,Google Analytics
158,SEO
158,Problem Solving
158,Communication
158,HubSpot
158,PowerPoint
158,Teamwork
158,Content Creation
159,Problem Solving
159,Customer Service
159,Microsoft Excel
159,Ticketing Systems
159,Zendesk
160,Lead Generation
160,Communication
160,PowerPoint
160,Teamwork
160,Microsoft Excel
160,Pipeline Management
161,Excel
161,Problem Solving
161,Microsoft Word
161,Communication
161,Customer Service
161,Ticketing Systems
162,QuickBooks
162,Problem Solving
162,Microsoft Word
162,Communication
162,SAP
162,SQL
162,PowerPoint
162,Financial Analysis
162,Microsoft Excel
163,Onboarding
163,BambooHR
163,Excel
163,Communication
163,Teamwork
163,Compliance
163,Recruitment
164,Onboarding
164,BambooHR
164,Excel
164,Communication
164,Teamwork
164,Compliance
164,Microsoft Excel
164,Recruitment
165,Docker
165,Problem Solving
165,Communication
165,SQL
165,Azure
165,Kubernetes
166,Problem Solving
166,Microsoft Word
166,Python
166,Communication
166,Linux
166,Teamwork
166,Kubernetes
166,AWS
167,Onboarding
167,BambooHR
167,Excel
167,Communication
167,Teamwork
167,Microsoft Excel
167,Recruitment
168,BambooHR
168,Excel
168,Workday
168,Problem Solving
168,Microsoft Word
168,Communication
168,Microsoft Excel
169,Problem Solving
169,Microsoft Word
169,Communication
169,Customer Service
169,Microsoft Excel
169,Ticketing Systems
169,Zendesk
170,Excel
170,Problem Solving
170,Communication
170,HubSpot
170,Salesforce
170,Teamwork
170,Microsoft Excel
171,Google Analytics
171,SEO
171,Excel
171,Problem Solving
171,Microsoft Word
171,Communication
171,HubSpot
171,Teamwork
171,Content Creation
171,Social Media
172,Onboarding
172,BambooHR
172,Excel
172,Microsoft Word
172,Communication
172,Teamwork
172,Microsoft Excel
173,Problem Solving
173,Ticketing Systems
173,Excel
173,Teamwork
174,Google Analytics
174,SEO
174,Excel
174,Microsoft Word
174,Communication
174,HubSpot
174,PowerPoint
174,Teamwork
174,Microsoft Excel
174,Social Media
175,SEO
175,Excel
175,Problem Solving
175,Microsoft Word
175,Communication
175,Teamwork
175,Social Media
176,Excel
176,Problem Solving
176,Microsoft Word
176,Communication
176,Teamwork
176,Ticketing Systems
177,Problem Solving
177,Microsoft Word
177,Teamwork
177,Microsoft Excel
177,Ticketing Systems
177,Zendesk
178,Excel
178,CRM
178,Lead Generation
178,Microsoft Word
178,PowerPoint
178,Microsoft Excel
179,SEO
179,Excel
179,Microsoft Word
179,Communication
179,HubSpot
180,Problem Solving
180,Microsoft Word
180,Communication
180,Customer Service
180,Teamwork
180,Microsoft Excel
180,Ticketing Systems
181,Excel
181,Problem Solving
181,Communication
181,Teamwork
181,Ticketing Systems
181,Zendesk
182,Excel
182,Problem Solving
182,Microsoft Word
182,Communication
182,Customer Service
182,Ticketing Systems
182,Zendesk
183,Microsoft Excel
183,Problem Solving
183,Microsoft Word
183,Negotiation
183,HubSpot
183,PowerPoint
183,Teamwork
183,CRM
183,Pipeline Management
184,Excel
184,Problem Solving
184,Forecasting
184,Communication
184,SAP
184,Teamwork
184,Financial Analysis
184,Microsoft Excel
185,Microsoft Excel
185,Excel
185,Problem Solving
185,HubSpot
185,Salesforce
185,PowerPoint
185,Teamwork
185,CRM
185,Pipeline Management
186,Git
186,Problem Solving
186,Microsoft Word
186,Linux
186,SQL
186,CI/CD
187,Problem Solving
187,Communication
187,Customer Service
187,Microsoft Excel
187,Ticketing Systems
187,Zendesk
188,Microsoft Word
188,Communication
188,Teamwork
188,Ticketing Systems
188,Zendesk
189,Excel
189,QuickBooks
189,Problem Solving
189,Budgeting
189,Forecasting
189,Communication
189,SAP
189,PowerPoint
189,Teamwork
190,QuickBooks
190,Budgeting
190,Forecasting
190,Microsoft Word
190,PowerPoint
190,Teamwork
190,Financial Analysis
190,Microsoft Excel
191,Onboarding
191,Workday
191,Problem Solving
191,Microsoft Word
191,Teamwork
191,Compliance
191,Microsoft Excel
192,Git
192,REST APIs
192,Problem Solving
192,Python
192,Communication
192,Kubernetes
193,Problem Solving
193,Communication
193,Customer Service
193,Teamwork
193,Microsoft Excel
193,Ticketing Systems
194,Excel
194,Problem Solving
194,Microsoft Word
194,PowerPoint
194,Teamwork
194,Financial Analysis
194,Microsoft Excel
195,Excel
195,Problem Solving
195,Communication
195,Customer Service
195,Microsoft Excel
196,Onboarding
196,Workday
196,Excel
196,Microsoft Word
196,Communication
196,Teamwork
196,Compliance
197,Onboarding
197,Excel
197,Problem Solving
197,Microsoft Word
197,Communication
197,Teamwork
197,Compliance
198,Excel
198,Problem Solving
198,Budgeting
198,Microsoft Word
198,SAP
198,SQL
198,PowerPoint
198,Teamwork
198,Financial Analysis
198,Microsoft Excel
199,Java
199,Docker
199,Problem Solving
199,Azure
199,Teamwork
199,AWS
200,Git
200,Problem Solving
200,Microsoft Word
200,Linux
200,Teamwork
200,Azure
200,Kubernetes
201,Budgeting
201,Forecasting
201,Microsoft Word
201,SQL
201,PowerPoint
201,Financial Analysis
201,Microsoft Excel
202,QuickBooks
202,Excel
202,Problem Solving
202,Budgeting
202,SQL
202,PowerPoint
202,Teamwork
203,Google Analytics
203,Problem Solving
203,Microsoft Word
203,PowerPoint
203,Content Creation
204,Onboarding
204,BambooHR
204,Workday
204,Excel
204,Microsoft Word
204,Communication
204,Teamwork
204,Microsoft Excel
204,Recruitment
205,Google Analytics
205,SEO
205,Problem Solving
205,Microsoft Word
205,Communication
205,HubSpot
205,PowerPoint
205,Microsoft Excel
205,Content Creation
205,Social Media
206,CRM
206,Problem Solving
206,Lead Generation
206,Salesforce
206,Teamwork
206,Microsoft Excel
206,Pipeline Management
207,Problem Solving
207,Microsoft Word
207,Communication
207,Customer Service
207,Microsoft Excel
208,Excel
208,Problem Solving
208,Microsoft Word
208,Communication
208,Customer Service
208,Zendesk
209,Excel
209,Lead Generation
209,Microsoft Word
209,Negotiation
209,Communication
209,HubSpot
209,PowerPoint
209,Teamwork
209,Microsoft Excel
210,Excel
210,Problem Solving
210,Lead Generation
210,Communication
210,HubSpot
210,Salesforce
210,Microsoft Excel
211,Excel
211,Forecasting
211,Communication
211,SAP
211,Teamwork
212,Problem Solving
212,Communication
212,HubSpot
212,PowerPoint
212,Microsoft Excel
212,Pipeline Management
213,Problem Solving
213,Microsoft Word
213,Negotiation
213,Communication
213,Salesforce
213,Teamwork
213,CRM
213,Pipeline Management
214,Problem Solving
214,Microsoft Word
214,Negotiation
214,Teamwork
214,CRM
214,Pipeline Management
215,Onboarding
215,Excel
215,Problem Solving
215,Communication
215,Teamwork
215,Compliance
215,Recruitment
216,SEO
216,Microsoft Word
216,Communication
216,HubSpot
216,Microsoft Excel
216,Social Media
217,Java
217,Microsoft Word
217,Communication
217,Azure
217,AWS
218,Java
218,Problem Solving
218,Microsoft Word
218,Python
218,CI/CD
218,Azure
218,Teamwork
218,Microsoft Excel
219,QuickBooks
219,Problem Solving
219,Forecasting
219,Microsoft Word
219,Budgeting
219,Communication
219,SQL
219,Teamwork
220,Excel
220,Problem Solving
220,Microsoft Word
220,Communication
220,Customer Service
220,Microsoft Excel
220,Ticketing Systems
220,Zendesk
221,Excel
221,Microsoft Word
221,Communication
221,HubSpot
221,Salesforce
221,Microsoft Excel
222,Google Analytics
222,SEO
222,Excel
222,Microsoft Word
222,Communication
222,HubSpot
222,PowerPoint
222,Teamwork
222,Microsoft Excel
222,Content Creation
223,Onboarding
223,Excel
223,Microsoft Word
223,Communication
223,Teamwork
223,Compliance
223,Microsoft Excel
223,Recruitment
224,Excel
224,Lead Generation
224,Communication
224,HubSpot
224,Salesforce
224,PowerPoint
224,Teamwork
224,CRM
225,Microsoft Word
225,Negotiation
225,Salesforce
225,Microsoft Excel
225,Pipeline Management
226,Excel
226,Problem Solving
226,Forecasting
226,Microsoft Word
226,Communication
226,SAP
226,SQL
226,Teamwork
227,Excel
227,Microsoft Word
227,Communication
227,Customer Service
227,Zendesk
228,Excel
228,Problem Solving
228,Microsoft Word
228,Communication
228,Customer Service
228,Microsoft Excel
228,Ticketing Systems
228,Zendesk
229,Onboarding
229,Excel
229,Workday
229,Microsoft Word
229,Communication
229,Teamwork
229,Compliance
229,Microsoft Excel
229,Recruitment
230,QuickBooks
230,Problem Solving
230,Forecasting
230,Microsoft Word
230,Communication
230,SAP
230,SQL
230,PowerPoint
230,Teamwork
230,Financial Analysis
231,QuickBooks
231,Problem Solving
231,Budgeting
231,Microsoft Word
231,SAP
231,PowerPoint
231,Financial Analysis
231,Microsoft Excel
232,Onboarding
232,Workday
232,Excel
232,Communication
232,Teamwork
232,Compliance
232,Microsoft Excel
233,Git
233,Java
233,Docker
233,Problem Solving
233,Communication
233,Linux
233,SQL
233,Microsoft Excel
233,AWS
234,QuickBooks
234,Excel
234,Problem Solving
234,Communication
234,SAP
234,Teamwork
234,Microsoft Excel
235,Onboarding
235,BambooHR
235,Workday
235,Excel
235,Problem Solving
235,Teamwork
235,Compliance
235,Recruitment
236,Excel
236,QuickBooks
236,Problem Solving
236,Budgeting
236,Forecasting
236,Microsoft Word
236,Communication
236,SQL
236,Financial Analysis
237,Problem Solving
237,Lead Generation
237,Microsoft Word
237,Communication
237,Teamwork
237,CRM
237,Pipeline Management
238,Microsoft Word
238,Communication
238,Customer Service
238,Microsoft Excel
238,Ticketing Systems
238,Zendesk
239,Budgeting
239,Forecasting
239,Microsoft Word
239,Communication
239,SQL
239,Teamwork
239,Financial Analysis
240,Git
240,Problem Solving
240,Microsoft Word
240,Python
240,CI/CD
240,Azure
240,Teamwork
240,Microsoft Excel
240,Kubernetes
241,Excel
241,Problem Solving
241,Communication
241,Customer Service
241,Microsoft Excel
241,Ticketing Systems
241,Zendesk
242,SEO
242,Problem Solving
242,HubSpot
242,Teamwork
242,Microsoft Excel
242,Content Creation
243,Problem Solving
243,Customer Service
243,Communication
243,Ticketing Systems
244,Excel
244,Problem Solving
244,Communication
244,Customer Service
244,Zendesk
245,Microsoft Excel
245,Microsoft Word
245,Negotiation
245,Communication
245,Salesforce
245,PowerPoint
245,Teamwork
245,CRM
245,Pipeline Management
246,QuickBooks
246,Excel
246,Forecasting
246,Microsoft Word
246,Budgeting
246,Communication
246,Microsoft Excel
247,Git
247,REST APIs
247,Microsoft Word
247,Communication
247,SQL
247,CI/CD
247,Azure
247,Microsoft Excel
247,AWS
248,REST APIs
248,Docker
248,Communication
248,Linux
248,Teamwork
248,Azure
248,Microsoft Excel
249,Onboarding
249,Workday
249,Excel
249,Problem Solving
249,Microsoft Word
249,Communication
249,Teamwork
249,Compliance
249,Recruitment
250,Problem Solving
250,Microsoft Word
250,Communication
250,SQL
250,Microsoft Excel
250,Kubernetes
250,AWS
251,Budgeting
251,Microsoft Word
251,Communication
251,SAP
251,PowerPoint
251,Teamwork
251,Financial Analysis
251,Microsoft Excel
252,Microsoft Word
252,Communication
252,Customer Service
252,Teamwork
252,Ticketing Systems
252,Zendesk
253,Google Analytics
253,Excel
253,Microsoft Word
253,Communication
253,HubSpot
253,PowerPoint
253,Social Media
254,REST APIs
254,Java
254,Problem Solving
254,Python
254,Communication
254,CI/CD
254,Azure
254,AWS
255,Excel
255,Lead Generation
255,Negotiation
255,Communication
255,Salesforce
255,Microsoft Excel
256,Onboarding
256,BambooHR
256,Workday
256,Excel
256,Problem Solving
256,Communication
256,Teamwork
256,Compliance
256,Recruitment
257,QuickBooks
257,Problem Solving
257,Forecasting
257,Budgeting
257,Microsoft Word
257,Communication
257,SAP
257,PowerPoint
257,Teamwork
257,Financial Analysis
258,Onboarding
258,BambooHR
258,Workday
258,Excel
258,Microsoft Word
258,Communication
258,Teamwork
258,Microsoft Excel
258,Recruitment
259,QuickBooks
259,Excel
259,Budgeting
259,SAP
259,SQL
259,Teamwork
259,Financial Analysis
259,Microsoft Excel
260,Onboarding
260,BambooHR
260,Workday
260,Microsoft Word
260,Communication
260,Compliance
260,Recruitment
261,Microsoft Word
261,Communication
261,HubSpot
261,Content Creation
261,Social Media
262,REST APIs
262,Docker
262,Problem Solving
262,Communication
262,Linux
262,Teamwork
262,AWS
263,Java
263,Docker
263,Problem Solving
263,Microsoft Word
263,Python
263,Communication
263,Azure
263,Microsoft Excel
264,QuickBooks
264,Excel
264,Problem Solving
264,Forecasting
264,Communication
264,SQL
264,PowerPoint
264,Financial Analysis
264,Microsoft Excel
265,BambooHR
265,Workday
265,Excel
265,Problem Solving
265,Communication
265,Compliance
265,Recruitment
266,Excel
266,Problem Solving
266,PowerPoint
266,Microsoft Excel
266,Content Creation
266,Social Media
267,Excel
267,Problem Solving
267,Microsoft Word
267,Communication
267,Customer Service
267,Teamwork
267,Microsoft Excel
267,Ticketing Systems
267,Zendesk
268,Google Analytics
268,Excel
268,Problem Solving
268,Microsoft Word
268,Communication
268,HubSpot
268,PowerPoint
268,Teamwork
268,Content Creation
268,Social Media
269,Onboarding
269,BambooHR
269,Excel
269,Problem Solving
269,Microsoft Word
269,Teamwork
269,Compliance
270,Onboarding
270,Workday
270,Microsoft Word
270,Communication
270,Microsoft Excel
270,Recruitment
271,Excel
271,QuickBooks
271,Problem Solving
271,Budgeting
271,Microsoft Word
271,Communication
271,SAP
271,SQL
271,Teamwork
271,Financial Analysis
272,Google Analytics
272,Excel
272,Problem Solving
272,Microsoft Word
272,PowerPoint
272,Teamwork
272,Microsoft Excel
273,Microsoft Word
273,Negotiation
273,HubSpot
273,Salesforce
273,Teamwork
273,Microsoft Excel
274,REST APIs
274,Java
274,Microsoft Word
274,Python
274,Communication
274,Microsoft Excel
275,Onboarding
275,BambooHR
275,Excel
275,Communication
275,Compliance
275,Microsoft Excel
275,Recruitment
276,Git
276,Java
276,Problem Solving
276,Microsoft Word
276,Communication
276,CI/CD
276,Teamwork
277,Problem Solving
277,Lead Generation
277,Microsoft Word
277,Negotiation
277,Communication
277,Salesforce
277,PowerPoint
277,Microsoft Excel
277,Pipeline Management
278,Lead Generation
278,Microsoft Word
278,Negotiation
278,Communication
278,Salesforce
278,Teamwork
278,Microsoft Excel
279,Excel
279,Problem Solving
279,Microsoft Word
279,Salesforce
279,CRM
280,QuickBooks
280,Problem Solving
280,Budgeting
280,Communication
280,SQL
280,Teamwork
280,Financial Analysis
280,Microsoft Excel
281,Microsoft Excel
281,Problem Solving
281,Microsoft Word
281,HubSpot
281,Salesforce
281,CRM
281,Pipeline Management
282,QuickBooks
282,Excel
282,Problem Solving
282,Budgeting
282,Communication
282,SAP
282,SQL
282,Teamwork
282,Financial Analysis
282,Microsoft Excel
283,BambooHR
283,Excel
283,Workday
283,Problem Solving
283,Microsoft Word
283,Communication
283,Compliance
283,Microsoft Excel
283,Recruitment
284,Problem Solving
284,Zendesk
284,Excel
284,Communication
285,Problem Solving
285,Microsoft Excel
285,Ticketing Systems
285,Communication
286,Excel
286,Problem Solving
286,Microsoft Word
286,PowerPoint
286,Microsoft Excel
286,Pipeline Management
287,Git
287,Java
287,Microsoft Word
287,Python
287,Communication
287,Azure
288,Excel
288,Problem Solving
288,Microsoft Word
288,Communication
288,HubSpot
288,PowerPoint
288,Microsoft Excel
288,Content Creation
288,Social Media
289,SEO
289,Problem Solving
289,HubSpot
289,PowerPoint
289,Teamwork
289,Content Creation
289,Social Media
290,Microsoft Excel
290,Excel
290,Problem Solving
290,Lead Generation
290,Negotiation
290,Salesforce
290,CRM
291,Docker
291,Problem Solving
291,Linux
291,SQL
291,Teamwork
291,Microsoft Excel
291,AWS
292,Excel
292,Problem Solving
292,Microsoft Word
292,Salesforce
292,PowerPoint
292,Microsoft Excel
292,Pipeline Management
293,Onboarding
293,BambooHR
293,Workday
293,Problem Solving
293,Microsoft Word
293,Communication
293,Compliance
293,Recruitment
294,BambooHR
294,Workday
294,Excel
294,Problem Solving
294,Microsoft Word
294,Communication
294,Teamwork
294,Compliance
294,Recruitment
295,Excel
295,Problem Solving
295,Microsoft Word
295,Communication
295,Teamwork
295,Ticketing Systems
296,Problem Solving
296,Microsoft Word
296,Communication
296,Customer Service
296,Teamwork
296,Ticketing Systems
296,Zendesk
297,Excel
297,Problem Solving
297,Communication
297,Customer Service
297,Teamwork
297,Microsoft Excel
297,Ticketing Systems
297,Zendesk
298,Problem Solving
298,Lead Generation
298,Microsoft Word
298,Communication
298,Salesforce
298,PowerPoint
298,Microsoft Excel
298,Pipeline Management
299,Onboarding
299,BambooHR
299,Workday
299,Excel
299,Problem Solving
299,Microsoft Word
299,Communication
299,Microsoft Excel
299,Recruitment
300,QuickBooks
300,Excel
300,Problem Solving
300,Budgeting
300,Forecasting
300,SQL
300,PowerPoint
300,Teamwork
300,Microsoft Excel
301,Google Analytics
301,Problem Solving
301,Microsoft Word
301,Communication
301,HubSpot
301,PowerPoint
301,Microsoft Excel
301,Social Media
302,Excel
302,Budgeting
302,Forecasting
302,Microsoft Word
302,Communication
302,Teamwork
303,Lead Generation
303,Microsoft Word
303,HubSpot
303,Salesforce
303,PowerPoint
303,Teamwork
303,Pipeline Management
304,Excel
304,Problem Solving
304,Microsoft Word
304,Communication
304,HubSpot
304,Salesforce
304,PowerPoint
304,Teamwork
304,CRM
304,Pipeline Management
305,Git
305,Java
305,Microsoft Word
305,Communication
305,Linux
305,Azure
306,Git
306,Microsoft Word
306,Python
306,Communication
306,Azure
306,Teamwork
306,Microsoft Excel
306,Kubernetes
306,AWS
307,QuickBooks
307,Excel
307,Communication
307,SQL
307,PowerPoint
307,Financial Analysis
307,Microsoft Excel
308,Onboarding
308,BambooHR
308,Workday
308,Problem Solving
308,Microsoft Word
308,Communication
308,Teamwork
308,Compliance
308,Microsoft Excel
309,REST APIs
309,Java
309,Docker
309,Python
309,Communication
309,Teamwork
309,Microsoft Excel
310,Workday
310,Excel
310,Problem Solving
310,Microsoft Word
310,Communication
310,Compliance
311,Onboarding
311,Workday
311,Problem Solving
311,Microsoft Word
311,Communication
312,Excel
312,Problem Solving
312,Microsoft Word
312,Communication
312,Teamwork
312,Microsoft Excel
312,Zendesk
313,Excel
313,Problem Solving
313,Microsoft Word
313,Communication
313,Customer Service
313,Ticketing Systems
313,Zendesk
314,Onboarding
314,Workday
314,Excel
314,Problem Solving
314,Communication
314,Compliance
314,Microsoft Excel
314,Recruitment
315,Lead Generation
315,Microsoft Word
315,Negotiation
315,Communication
315,HubSpot
316,Forecasting
316,Microsoft Word
316,SQL
316,Teamwork
316,Financial Analysis
316,Microsoft Excel
317,Microsoft Excel
317,Problem Solving
317,Lead Generation
317,Communication
317,HubSpot
317,Salesforce
317,CRM
318,Microsoft Excel
318,Excel
318,Problem Solving
318,Lead Generation
318,Negotiation
318,Communication
318,HubSpot
318,Teamwork
318,CRM
319,Onboarding
319,Workday
319,Excel
319,Problem Solving
319,Microsoft Word
319,Teamwork
320,Google Analytics
320,Excel
320,Microsoft Word
320,Communication
320,HubSpot
320,Teamwork
320,Microsoft Excel
320,Content Creation
320,Social Media
321,Google Analytics
321,SEO
321,Excel
321,Problem Solving
321,Microsoft Word
321,HubSpot
321,Teamwork
321,Microsoft Excel
321,Content Creation
321,Social Media
322,REST APIs
322,Docker
322,Microsoft Word
322,Python
322,Communication
322,Azure
322,Microsoft Excel
322,Kubernetes
323,Google Analytics
323,SEO
323,Problem Solving
323,Communication
323,HubSpot
323,PowerPoint
323,Teamwork
323,Microsoft Excel
323,Content Creation
323,Social Media
324,Git
324,REST APIs
324,Microsoft Word
324,Communication
324,Linux
324,SQL
324,CI/CD
324,Kubernetes
325,Git
325,Microsoft Word
325,Azure
325,Teamwork
325,Microsoft Excel
325,Kubernetes
326,Google Analytics
326,SEO
326,Excel
326,Problem Solving
326,Communication
326,HubSpot
326,PowerPoint
326,Teamwork
326,Microsoft Excel
326,Content Creation
327,Microsoft Excel
327,Excel
327,Problem Solving
327,Negotiation
327,HubSpot
327,CRM
328,QuickBooks
328,Excel
328,Forecasting
328,Microsoft Word
328,Communication
328,SAP
328,SQL
328,Financial Analysis
329,Workday
329,Problem Solving
329,Microsoft Word
329,Compliance
329,Recruitment
330,Problem Solving
330,Python
330,Communication
330,Linux
330,SQL
330,Microsoft Excel
330,AWS
331,Microsoft Excel
331,Excel
331,Problem Solving
331,Microsoft Word
331,Negotiation
331,Salesforce
331,CRM
331,Pipeline Management
332,Lead Generation
332,Negotiation
332,Communication
332,PowerPoint
332,Teamwork
332,Pipeline Management
333,Onboarding
333,BambooHR
333,Workday
333,Microsoft Word
333,Communication
333,Recruitment
334,Problem Solving
334,Negotiation
334,Communication
334,HubSpot
334,Salesforce
334,Teamwork
334,Microsoft Excel
335,Excel
335,Microsoft Word
335,Communication
335,Customer Service
335,Teamwork
335,Microsoft Excel
335,Ticketing Systems
335,Zendesk
336,BambooHR
336,Workday
336,Problem Solving
336,Communication
336,Teamwork
336,Compliance
336,Microsoft Excel
337,SEO
337,Problem Solving
337,Microsoft Word
337,Communication
337,HubSpot
337,PowerPoint
337,Teamwork
338,Google Analytics
338,SEO
338,Microsoft Word
338,Communication
338,HubSpot
338,PowerPoint
338,Content Creation
338,Social Media
339,Google Analytics
339,Excel
339,Problem Solving
339,Microsoft Word
339,Communication
339,HubSpot
339,PowerPoint
339,Teamwork
339,Social Media
340,Excel
340,Problem Solving
340,Microsoft Word
340,Communication
340,HubSpot
340,Content Creation
341,Forecasting
341,Microsoft Word
341,Communication
341,SAP
341,PowerPoint
341,Microsoft Excel
342,REST APIs
342,Java
342,Problem Solving
342,SQL
342,CI/CD
342,Teamwork
342,Kubernetes
342,AWS
343,BambooHR
343,Workday
343,Excel
343,Communication
343,Microsoft Excel
343,Recruitment
344,Problem Solving
344,Forecasting
344,SQL
344,Teamwork
344,Financial Analysis
345,Problem Solving
345,Budgeting
345,Microsoft Word
345,SAP
345,SQL
345,Financial Analysis
345,Microsoft Excel
346,Onboarding
346,Workday
346,Microsoft Word
346,Communication
346,Teamwork
346,Microsoft Excel
346,Recruitment
347,Onboarding
347,BambooHR
347,Workday
347,Microsoft Word
347,Compliance
347,Microsoft Excel
348,Git
348,Docker
348,Communication
348,Linux
348,SQL
348,Microsoft Excel
348,Kubernetes
348,AWS
349,Excel
349,CRM
349,Negotiation
349,Communication
349,Microsoft Excel
350,Google Analytics
350,SEO
350,Excel
350,Problem Solving
350,Communication
350,HubSpot
350,Teamwork
350,Microsoft Excel
350,Social Media
351,Workday
351,Excel
351,Problem Solving
351,Microsoft Word
351,Communication
351,Compliance
351,Microsoft Excel
351,Recruitment
352,Problem Solving
352,Communication
352,Teamwork
352,Ticketing Systems
352,Zendesk
353,REST APIs
353,Java
353,Microsoft Word
353,Communication
353,Teamwork
353,Microsoft Excel
353,Kubernetes
354,Problem Solving
354,Communication
354,Customer Service
354,Microsoft Excel
354,Zendesk
355,Microsoft Excel
355,Excel
355,Lead Generation
355,Microsoft Word
355,Communication
355,HubSpot
355,Salesforce
355,Teamwork
355,CRM
355,Pipeline Management
356,REST APIs
356,Java
356,Microsoft Word
356,Python
356,Communication
356,Linux
356,SQL
356,Azure
356,Teamwork
356,Microsoft Excel
357,Onboarding
357,BambooHR
357,Workday
357,Excel
357,Microsoft Word
357,Communication
357,Teamwork
357,Microsoft Excel
357,Recruitment
358,Git
358,Problem Solving
358,Microsoft Word
358,Python
358,Communication
358,Teamwork
358,AWS
359,Onboarding
359,BambooHR
359,Excel
359,Problem Solving
359,Microsoft Word
359,Communication
359,Compliance
360,BambooHR
360,Excel
360,Microsoft Word
360,Communication
360,Teamwork
360,Compliance
360,Microsoft Excel
360,Recruitment
361,Google Analytics
361,SEO
361,Excel
361,Problem Solving
361,Microsoft Word
361,HubSpot
361,Teamwork
361,Microsoft Excel
361,Content Creation
362,Excel
362,Problem Solving
362,Microsoft Word
362,Communication
362,Customer Service
362,Teamwork
362,Ticketing Systems
362,Zendesk
363,Excel
363,Problem Solving
363,Microsoft Word
363,Communication
363,Customer Service
363,Zendesk
364,Git
364,Java
364,Docker
364,Problem Solving
364,Microsoft Word
364,Linux
364,CI/CD
364,Teamwork
364,Microsoft Excel
364,AWS
365,Excel
365,Problem Solving
365,Microsoft Word
365,Negotiation
365,PowerPoint
365,Pipeline Management
366,Excel
366,Microsoft Word
366,Communication
366,Customer Service
366,Teamwork
366,Microsoft Excel
366,Ticketing Systems
366,Zendesk
367,Excel
367,QuickBooks
367,Problem Solving
367,Forecasting
367,Communication
367,SAP
367,PowerPoint
367,Teamwork
367,Microsoft Excel
368,REST APIs
368,Microsoft Word
368,Python
368,Communication
368,Linux
368,SQL
368,Azure
368,Teamwork
368,Microsoft Excel
368,Kubernetes
369,Microsoft Excel
369,Problem Solving
369,Lead Generation
369,Microsoft Word
369,Negotiation
369,HubSpot
369,Salesforce
369,PowerPoint
369,CRM
370,Workday
370,Excel
370,Microsoft Word
370,Communication
370,Teamwork
370,Compliance
370,Microsoft Excel
371,Budgeting
371,Microsoft Word
371,Communication
371,SAP
371,Teamwork
371,Financial Analysis
371,Microsoft Excel
372,REST APIs
372,Python
372,Communication
372,Linux
372,SQL
372,CI/CD
372,Teamwork
372,Microsoft Excel
373,QuickBooks
373,Problem Solving
373,Microsoft Word
373,SQL
373,PowerPoint
373,Microsoft Excel
374,QuickBooks
374,Problem Solving
374,Budgeting
374,Forecasting
374,Microsoft Word
374,Communication
374,PowerPoint
374,Teamwork
375,SEO
375,Excel
375,Microsoft Word
375,Communication
375,PowerPoint
375,Teamwork
375,Microsoft Excel
375,Social Media
376,Java
376,Problem Solving
376,Communication
376,Linux
376,Azure
376,Teamwork
376,Microsoft Excel
377,Lead Generation
377,Microsoft Word
377,Communication
377,PowerPoint
377,Microsoft Excel
377,Pipeline Management
378,Problem Solving
378,Lead Generation
378,Communication
378,HubSpot
378,Salesforce
378,Teamwork
378,Microsoft Excel
379,Excel
379,Problem Solving
379,Communication
379,Customer Service
379,Teamwork
379,Ticketing Systems
380,Google Analytics
380,SEO
380,Problem Solving
380,Microsoft Word
380,HubSpot
380,PowerPoint
380,Content Creation
380,Social Media
381,Java
381,Problem Solving
381,Microsoft Word
381,Python
381,Communication
381,Linux
381,SQL
381,Azure
381,Microsoft Excel
382,Excel
382,Problem Solving
382,Microsoft Word
382,Communication
382,Customer Service
382,Teamwork
382,Microsoft Excel
382,Ticketing Systems
382,Zendesk
383,Git
383,Problem Solving
383,Microsoft Word
383,Linux
383,CI/CD
383,Azure
383,AWS
384,Excel
384,Problem Solving
384,Lead Generation
384,Communication
384,Microsoft Excel
384,Pipeline Management
385,Excel
385,Communication
385,Compliance
385,Microsoft Excel
385,Recruitment
386,Problem Solving
386,Negotiation
386,Communication
386,HubSpot
386,Salesforce
386,PowerPoint
386,Teamwork
386,CRM
387,Excel
387,Problem Solving
387,Communication
387,HubSpot
387,PowerPoint
387,Pipeline Management
388,Excel
388,Problem Solving
388,Microsoft Word
388,HubSpot
388,Teamwork
388,Microsoft Excel
388,Content Creation
388,Social Media
389,Excel
389,Problem Solving
389,Customer Service
389,Teamwork
389,Microsoft Excel
390,Microsoft Excel
390,Excel
390,Problem Solving
390,Microsoft Word
390,Communication
390,HubSpot
390,Salesforce
390,PowerPoint
390,CRM
391,Google Analytics
391,Microsoft Word
391,Communication
391,HubSpot
391,PowerPoint
391,Teamwork
391,Content Creation
392,Git
392,REST APIs
392,Java
392,Problem Solving
392,Microsoft Word
392,Linux
392,CI/CD
392,Teamwork
392,Microsoft Excel
393,Excel
393,Problem Solving
393,Microsoft Word
393,Communication
393,Customer Service
393,Ticketing Systems
393,Zendesk
394,QuickBooks
394,Forecasting
394,Communication
394,SAP
394,SQL
394,PowerPoint
394,Financial Analysis
394,Microsoft Excel
395,Microsoft Excel
395,Excel
395,Problem Solving
395,Microsoft Word
395,Negotiation
395,Salesforce
395,PowerPoint
395,CRM
395,Pipeline Management
396,SEO
396,Excel
396,Problem Solving
396,Communication
396,HubSpot
396,Teamwork
396,Microsoft Excel
396,Content Creation
396,Social Media
397,Git
397,REST APIs
397,Problem Solving
397,Microsoft Word
397,Communication
397,Teamwork
397,Azure
398,Problem Solving
398,Lead Generation
398,Microsoft Word
398,Negotiation
398,PowerPoint
398,Teamwork
398,CRM
398,Pipeline Management
399,Microsoft Excel
399,Excel
399,Problem Solving
399,Lead Generation
399,Negotiation
399,HubSpot
399,PowerPoint
399,CRM
400,Excel
400,QuickBooks
400,Budgeting
400,SQL
400,Teamwork
400,Financial Analysis
400,Microsoft Excel
401,REST APIs
401,Java
401,Docker
401,Microsoft Word
401,CI/CD
401,Teamwork
401,Microsoft Excel
401,AWS
402,Google Analytics
402,SEO
402,Excel
402,Problem Solving
402,HubSpot
402,Teamwork
402,Microsoft Excel
402,Content Creation
402,Social Media
403,Excel
403,Problem Solving
403,Lead Generation
403,Microsoft Word
403,Communication
403,HubSpot
403,PowerPoint
403,Microsoft Excel
403,Pipeline Management
404,Java
404,Docker
404,Problem Solving
404,Communication
404,Linux
404,CI/CD
404,Azure
405,Git
405,REST APIs
405,Java
405,Microsoft Word
405,Python
405,Communication
405,SQL
405,Teamwork
406,Excel
406,HubSpot
406,Salesforce
406,Teamwork
406,Microsoft Excel
406,Pipeline Management
407,Docker
407,Communication
407,SQL
407,Teamwork
407,Azure
407,Microsoft Excel
408,Excel
408,Problem Solving
408,Microsoft Word
408,Communication
408,Customer Service
408,Teamwork
408,Ticketing Systems
408,Zendesk
409,BambooHR
409,Workday
409,Communication
409,Compliance
409,Microsoft Excel
410,SEO
410,Excel
410,Problem Solving
410,PowerPoint
410,Teamwork
410,Microsoft Excel
410,Social Media
411,Google Analytics
411,SEO
411,Problem Solving
411,Microsoft Word
411,HubSpot
411,Teamwork
411,Microsoft Excel
411,Content Creation
411,Social Media
412,Excel
412,Problem Solving
412,Microsoft Word
412,Communication
412,Customer Service
412,Teamwork
412,Ticketing Systems
412,Zendesk
413,QuickBooks
413,Excel
413,Forecasting
413,Communication
413,SAP
413,SQL
413,PowerPoint
413,Teamwork
414,QuickBooks
414,Problem Solving
414,Budgeting
414,Microsoft Word
414,SAP
414,PowerPoint
414,Teamwork
414,Financial Analysis
415,Git
415,REST APIs
415,Docker
415,Problem Solving
415,Microsoft Word
415,Communication
415,Teamwork
415,Kubernetes
416,Excel
416,QuickBooks
416,Budgeting
416,Microsoft Word
416,Communication
416,PowerPoint
416,Financial Analysis
417,QuickBooks
417,Forecasting
417,Budgeting
417,Microsoft Word
417,SQL
417,PowerPoint
417,Teamwork
417,Financial Analysis
417,Microsoft Excel
418,HubSpot
418,Salesforce
418,PowerPoint
418,Teamwork
418,Microsoft Excel
419,Google Analytics
419,SEO
419,Excel
419,Problem Solving
419,Microsoft Word
419,Communication
419,HubSpot
419,PowerPoint
419,Microsoft Excel
419,Social Media
420,Excel
420,Problem Solving
420,PowerPoint
420,Teamwork
420,CRM
421,Excel
421,QuickBooks
421,Problem Solving
421,Forecasting
421,Microsoft Word
421,Communication
421,SQL
421,Financial Analysis
421,Microsoft Excel
422,Google Analytics
422,SEO
422,Problem Solving
422,Microsoft Word
422,PowerPoint
422,Content Creation
422,Social Media
423,Excel
423,Lead Generation
423,Microsoft Word
423,Communication
423,HubSpot
423,Salesforce
423,Microsoft Excel
424,Google Analytics
424,Excel
424,Microsoft Word
424,HubSpot
424,Teamwork
424,Content Creation
424,Social Media
425,Google Analytics
425,SEO
425,Excel
425,Microsoft Word
425,Communication
425,HubSpot
425,PowerPoint
425,Teamwork
425,Microsoft Excel
425,Social Media
426,Microsoft Excel
426,Excel
426,PowerPoint
426,Teamwork
426,CRM
426,Pipeline Management
427,Excel
427,QuickBooks
427,Forecasting
427,Budgeting
427,Communication
427,PowerPoint
427,Financial Analysis
427,Microsoft Excel
428,Microsoft Excel
428,Excel
428,Lead Generation
428,Negotiation
428,PowerPoint
428,Teamwork
428,CRM
429,Budgeting
429,Microsoft Word
429,SAP
429,Financial Analysis
429,Microsoft Excel
430,Excel
430,Microsoft Word
430,Communication
430,HubSpot
430,Salesforce
430,CRM
431,Java
431,Docker
431,Problem Solving
431,Microsoft Word
431,Python
431,Communication
431,SQL
431,Kubernetes
432,Excel
432,Problem Solving
432,Microsoft Word
432,Communication
432,Customer Service
432,Teamwork
432,Ticketing Systems
432,Zendesk
433,Microsoft Excel
433,Microsoft Word
433,Negotiation
433,Communication
433,Salesforce
433,Teamwork
433,CRM
433,Pipeline Management
434,Excel
434,Problem Solving
434,Microsoft Word
434,Communication
434,Customer Service
434,Teamwork
434,Microsoft Excel
434,Ticketing Systems
435,Problem Solving
435,Communication
435,Customer Service
435,Teamwork
435,Ticketing Systems
435,Zendesk
436,Google Analytics
436,SEO
436,Problem Solving
436,HubSpot
436,PowerPoint
436,Teamwork
436,Content Creation
436,Social Media
437,Excel
437,Problem Solving
437,Microsoft Word
437,Communication
437,Teamwork
437,Recruitment
438,Google Analytics
438,SEO
438,Microsoft Word
438,Communication
438,HubSpot
438,PowerPoint
438,Teamwork
438,Microsoft Excel
438,Content Creation
438,Social Media
439,SEO
439,Excel
439,Problem Solving
439,Microsoft Word
439,HubSpot
439,Microsoft Excel
439,Social Media
440,Problem Solving
440,Microsoft Word
440,Negotiation
440,HubSpot
440,PowerPoint
440,CRM
441,Excel
441,Problem Solving
441,Lead Generation
441,Microsoft Word
441,Negotiation
441,Communication
441,Salesforce
441,PowerPoint
441,Microsoft Excel
442,Excel
442,Problem Solving
442,Communication
442,Customer Service
442,Microsoft Excel
442,Ticketing Systems
442,Zendesk
443,Workday
443,Excel
443,Problem Solving
443,Microsoft Word
443,Microsoft Excel
443,Recruitment
444,REST APIs
444,Communication
444,CI/CD
444,Teamwork
444,Kubernetes
445,Microsoft Excel
445,Excel
445,Problem Solving
445,Lead Generation
445,Microsoft Word
445,Negotiation
445,HubSpot
445,Salesforce
445,Teamwork
445,CRM
446,Excel
446,Problem Solving
446,Microsoft Word
446,Communication
446,Customer Service
446,Ticketing Systems
446,Zendesk
447,Problem Solving
447,Negotiation
447,Communication
447,Salesforce
447,CRM
448,REST APIs
448,Problem Solving
448,Microsoft Word
448,Python
448,Linux
448,Microsoft Excel
449,QuickBooks
449,Budgeting
449,Forecasting
449,Microsoft Word
449,Communication
449,SAP
449,Teamwork
449,Financial Analysis
449,Microsoft Excel
450,Git
450,REST APIs
450,Java
450,Problem Solving
450,CI/CD
450,Azure
450,Teamwork
450,Microsoft Excel
450,AWS
451,Excel
451,Problem Solving
451,Microsoft Word
451,Communication
451,Customer Service
451,Microsoft Excel
451,Ticketing Systems
451,Zendesk
452,Problem Solving
452,Zendesk
452,Communication
452,Teamwork
453,Git
453,Docker
453,Problem Solving
453,Microsoft Word
453,Teamwork
453,Kubernetes
454,REST APIs
454,Problem Solving
454,Microsoft Word
454,Python
454,Communication
454,Linux
454,SQL
454,Azure
454,Microsoft Excel
454,Kubernetes
455,Java
455,Docker
455,Problem Solving
455,Microsoft Word
455,Communication
455,SQL
455,CI/CD
455,Microsoft Excel
456,SEO
456,Microsoft Word
456,Communication
456,HubSpot
456,Teamwork
456,Microsoft Excel
456,Content Creation
457,Excel
457,Problem Solving
457,Communication
457,Teamwork
457,Microsoft Excel
457,Ticketing Systems
457,Zendesk
458,Excel
458,Communication
458,Teamwork
458,Microsoft Excel
458,Recruitment
459,Excel
459,Lead Generation
459,Communication
459,HubSpot
459,Teamwork
459,CRM
460,SEO
460,Excel
460,HubSpot
460,PowerPoint
460,Teamwork
460,Microsoft Excel
460,Content Creation
461,Problem Solving
461,Forecasting
461,Communication
461,SAP
461,Teamwork
461,Financial Analysis
461,Microsoft Excel
462,Problem Solving
462,Communication
462,Customer Service
462,Teamwork
462,Ticketing Systems
462,Zendesk
463,QuickBooks
463,Problem Solving
463,Forecasting
463,Microsoft Word
463,PowerPoint
463,Financial Analysis
463,Microsoft Excel
464,Excel
464,Problem Solving
464,Microsoft Word
464,Negotiation
464,Communication
464,HubSpot
464,Salesforce
464,Teamwork
464,CRM
464,Pipeline Management
465,Excel
465,Problem Solving
465,Microsoft Word
465,Ticketing Systems
465,Zendesk
466,Git
466,Docker
466,Microsoft Word
466,Linux
466,SQL
466,Azure
466,Microsoft Excel
466,Kubernetes
467,QuickBooks
467,Excel
467,Problem Solving
467,Budgeting
467,Microsoft Word
467,SAP
468,Onboarding
468,BambooHR
468,Workday
468,Problem Solving
468,Microsoft Word
468,Communication
468,Compliance
468,Microsoft Excel
468,Recruitment
469,Excel
469,Problem Solving
469,Budgeting
469,Microsoft Word
469,Communication
469,SAP
469,SQL
469,Financial Analysis
469,Microsoft Excel
470,Onboarding
470,Problem Solving
470,Microsoft Word
470,Communication
470,Compliance
471,Onboarding
471,Excel
471,Problem Solving
471,Microsoft Word
471,Communication
471,Compliance
471,Microsoft Excel
472,QuickBooks
472,Problem Solving
472,Budgeting
472,Microsoft Word
472,Communication
472,SAP
472,SQL
472,PowerPoint
472,Teamwork
472,Financial Analysis
473,REST APIs
473,Docker
473,Microsoft Word
473,Python
473,Linux
473,Azure
473,Teamwork
473,Microsoft Excel
474,Problem Solving
474,Budgeting
474,SQL
474,PowerPoint
474,Teamwork
474,Financial Analysis
474,Microsoft Excel
475,Microsoft Excel
475,Excel
475,Problem Solving
475,Lead Generation
475,Negotiation
475,HubSpot
475,Salesforce
475,Teamwork
475,CRM
476,Onboarding
476,BambooHR
476,Workday
476,Microsoft Word
476,Communication
476,Teamwork
476,Compliance
476,Microsoft Excel
476,Recruitment
477,Excel
477,Problem Solving
477,Microsoft Word
477,Negotiation
477,HubSpot
477,Salesforce
478,Google Analytics
478,SEO
478,Problem Solving
478,Microsoft Word
478,HubSpot
478,PowerPoint
478,Teamwork
478,Microsoft Excel
478,Content Creation
478,Social Media
479,Microsoft Word
479,Communication
479,CI/CD
479,Azure
479,Teamwork
479,Microsoft Excel
479,Kubernetes
480,Problem Solving
480,Microsoft Word
480,Communication
480,Customer Service
480,Ticketing Systems
480,Zendesk
481,Git
481,Docker
481,Problem Solving
481,Python
481,Communication
481,SQL
481,Teamwork
481,Microsoft Excel
481,AWS
482,Excel
482,Problem Solving
482,Microsoft Word
482,Customer Service
482,Teamwork
482,Microsoft Excel
482,Ticketing Systems
482,Zendesk
483,Docker
483,Problem Solving
483,Communication
483,SQL
483,CI/CD
484,Excel
484,Microsoft Word
484,PowerPoint
484,Teamwork
484,Microsoft Excel
484,Pipeline Management
485,Excel
485,Problem Solving
485,Lead Generation
485,Communication
485,Salesforce
485,PowerPoint
485,Teamwork
485,Pipeline Management
486,Microsoft Excel
486,Excel
486,Problem Solving
486,Lead Generation
486,Communication
486,PowerPoint
486,Teamwork
486,CRM
487,Git
487,Problem Solving
487,Python
487,Communication
487,Linux
487,SQL
487,Teamwork
487,Microsoft Excel
488,QuickBooks
488,Microsoft Word
488,Communication
488,SQL
488,PowerPoint
488,Microsoft Excel
489,Excel
489,Problem Solving
489,Budgeting
489,SQL
489,Financial Analysis
489,Microsoft Excel
490,Onboarding
490,BambooHR
490,Workday
490,Excel
490,Problem Solving
490,Microsoft Word
490,Communication
490,Compliance
490,Microsoft Excel
490,Recruitment
491,Microsoft Word
491,HubSpot
491,PowerPoint
491,Teamwork
491,Pipeline Management
492,Google Analytics
492,SEO
492,Problem Solving
492,Communication
492,HubSpot
492,PowerPoint
492,Teamwork
493,REST APIs
493,Docker
493,Problem Solving
493,Microsoft Word
493,Python
493,Linux
493,Teamwork
493,Microsoft Excel
493,Kubernetes
493,AWS
494,BambooHR
494,Workday
494,Problem Solving
494,Teamwork
494,Compliance
494,Microsoft Excel
495,Git
495,Problem Solving
495,Linux
495,SQL
495,CI/CD
495,Teamwork
496,REST APIs
496,Problem Solving
496,Communication
496,Teamwork
496,Azure
496,AWS
497,QuickBooks
497,Problem Solving
497,SAP
497,SQL
497,Teamwork
497,Financial Analysis
497,Microsoft Excel
498,Problem Solving
498,Budgeting
498,Microsoft Word
498,Communication
498,SAP
498,Financial Analysis
499,Problem Solving
499,Lead Generation
499,Negotiation
499,Communication
499,Salesforce
499,PowerPoint
499,Teamwork
499,Microsoft Excel
500,Google Analytics
500,SEO
500,Problem Solving
500,Communication
500,HubSpot
500,PowerPoint
500,Teamwork
500,Microsoft Excel
500,Content Creation
500,Social Media
